MAILID;MAIL_DATETIME
14096;2-1-2018 13:25
14128;3-1-2018 17:33
14205;5-1-2018 15:03
14209;5-1-2018 15:05
14210;5-1-2018 14:53
14245;8-1-2018 12:24
14281;9-1-2018 10:20
14319;11-1-2018 11:02
14345;12-1-2018 12:17
14358;12-1-2018 16:28
14360;12-1-2018 16:32
14364;15-1-2018 11:19
14404;16-1-2018 13:51
14435;18-1-2018 16:04
14454;18-1-2018 13:33
14486;19-1-2018 11:21
14506;19-1-2018 15:57
14515;19-1-2018 20:16
14538;22-1-2018 16:00
14545;23-1-2018 10:16
14592;25-1-2018 15:26
14618;25-1-2018 15:10
14649;26-1-2018 14:07
14651;26-1-2018 14:35
14652;26-1-2018 15:37
14663;29-1-2018 15:36
14685;30-1-2018 11:30
14702;31-1-2018 17:08
14706;31-1-2018 16:53
14708;31-1-2018 16:57
14714;3-2-2018 09:55
14740;1-2-2018 14:10
14788;2-2-2018 12:33
14790;2-2-2018 14:04
14791;2-2-2018 14:15
14810;5-2-2018 13:22
14841;6-2-2018 11:12
14876;8-2-2018 09:34
14898;8-2-2018 12:24
14921;9-2-2018 12:22
14930;9-2-2018 14:18
14931;9-2-2018 14:08
14951;12-2-2018 11:42
14980;13-2-2018 13:12
15002;15-2-2018 16:03
15029;15-2-2018 12:13
15076;16-2-2018 15:25
15078;16-2-2018 15:26
15079;16-2-2018 15:26
15098;19-2-2018 12:54
15135;20-2-2018 14:01
15170;22-2-2018 11:26
15177;22-2-2018 14:22
15192;23-2-2018 12:19
15194;23-2-2018 13:45
15203;23-2-2018 13:53
15217;28-2-2018 16:33
15218;26-2-2018 10:39
15237;26-2-2018 15:43
15242;27-2-2018 10:29
15271;28-2-2018 10:53
15293;1-3-2018 12:03
15319;2-3-2018 10:56
15321;2-3-2018 11:56
15323;2-3-2018 12:51
15334;5-3-2018 10:57
15348;6-3-2018 11:00
15395;8-3-2018 10:39
15439;9-3-2018 16:36
15440;9-3-2018 17:34
15445;12-3-2018 10:56
15453;15-3-2018 14:03
15463;13-3-2018 10:48
15494;15-3-2018 13:45
15512;15-3-2018 10:07
15537;16-3-2018 16:05
15546;16-3-2018 16:03
15547;16-3-2018 16:04
15553;19-3-2018 11:59
15566;20-3-2018 11:39
15567;22-3-2018 10:22
15597;22-3-2018 11:26
15642;23-3-2018 13:38
15646;23-3-2018 14:05
15647;23-3-2018 14:06
15651;26-3-2018 14:33
15653;28-3-2018 10:09
15654;26-3-2018 11:01
15672;27-3-2018 11:46
15700;29-3-2018 10:53
15734;30-3-2018 15:15
15735;30-3-2018 15:15
15738;30-3-2018 15:14
15739;30-3-2018 15:36
15746;3-4-2018 11:20
15792;5-4-2018 11:23
15818;5-4-2018 12:00
15848;6-4-2018 13:41
15850;6-4-2018 13:42
15854;6-4-2018 13:42
15867;9-4-2018 12:24
15881;10-4-2018 12:02
15931;12-4-2018 15:21
15964;13-4-2018 12:17
15968;13-4-2018 14:35
15969;13-4-2018 14:36
15976;16-4-2018 11:44
15986;19-4-2018 12:54
16006;17-4-2018 11:41
16057;19-4-2018 12:20
16064;20-4-2018 09:11
16068;20-4-2018 11:22
16069;20-4-2018 11:38
16079;23-4-2018 11:05
16092;24-4-2018 09:58
16129;26-4-2018 11:51
16134;26-4-2018 13:48
16147;26-4-2018 15:53
16148;26-4-2018 15:54
16162;30-4-2018 11:51
16172;1-5-2018 10:04
16174;1-5-2018 11:31
16205;3-5-2018 15:01
16235;4-5-2018 13:32
16236;4-5-2018 13:52
16237;4-5-2018 13:51
16241;4-5-2018 14:27
16269;7-5-2018 13:40
16281;8-5-2018 11:43
16309;9-5-2018 16:13
16321;11-5-2018 13:23
16322;11-5-2018 13:36
16323;11-5-2018 14:16
16324;11-5-2018 14:16
16332;14-5-2018 12:14
16341;15-5-2018 11:09
16373;17-5-2018 13:24
16377;17-5-2018 11:48
16400;18-5-2018 16:04
16402;18-5-2018 16:04
16404;18-5-2018 16:00
16405;18-5-2018 16:04
16506;11-6-2018 10:37
16529;12-6-2018 10:59
16579;14-6-2018 11:22
16596;15-6-2018 09:37
16600;15-6-2018 13:10
16601;15-6-2018 13:18
16624;18-6-2018 14:59
16629;21-6-2018 16:03
16634;19-6-2018 11:28
16666;21-6-2018 10:51
16700;22-6-2018 12:17
16708;22-6-2018 14:50
16709;22-6-2018 14:51
16721;25-6-2018 12:22
16735;26-6-2018 12:06
16762;28-6-2018 09:41
16777;28-6-2018 16:31
16785;28-6-2018 17:59
16793;29-6-2018 12:26
16794;29-6-2018 12:26
16809;2-7-2018 14:26
16815;3-7-2018 11:16
16816;5-7-2018 12:15
16850;5-7-2018 11:18
16888;6-7-2018 12:08
16891;6-7-2018 13:36
16895;6-7-2018 16:18
16902;9-7-2018 12:31
16919;10-7-2018 10:45
16944;12-7-2018 09:54
16946;12-7-2018 13:27
16980;13-7-2018 11:22
16990;13-7-2018 14:36
16991;13-7-2018 14:36
17006;16-7-2018 12:14
17026;17-7-2018 12:41
17034;19-7-2018 09:59
17050;19-7-2018 10:19
17070;20-7-2018 13:33
17071;20-7-2018 13:34
17078;20-7-2018 15:53
17091;23-7-2018 10:55
17105;24-7-2018 11:40
17130;26-7-2018 14:08
17137;26-7-2018 11:45
17154;26-7-2018 17:08
17160;27-7-2018 14:59
17161;27-7-2018 14:58
17163;27-7-2018 14:58
17167;30-7-2018 10:39
17189;31-7-2018 11:31
17225;2-8-2018 16:08
17226;2-8-2018 16:41
17228;2-8-2018 12:28
17237;3-8-2018 14:36
17238;3-8-2018 14:16
17239;3-8-2018 14:00
17248;6-8-2018 11:10
17258;7-8-2018 10:15
17291;9-8-2018 13:44
17301;9-8-2018 13:35
17313;10-8-2018 17:07
17314;11-8-2018 08:08
17315;12-8-2018 12:08
17348;13-8-2018 13:43
17362;14-8-2018 11:15
17390;16-8-2018 10:56
17418;17-8-2018 17:13
17419;18-8-2018 08:54
17420;18-8-2018 16:37
17426;20-8-2018 11:44
17448;21-8-2018 17:11
17477;23-8-2018 12:31
17493;23-8-2018 15:19
17506;24-8-2018 17:01
17516;25-8-2018 03:56
17518;25-8-2018 03:57
17534;27-8-2018 14:48
17543;30-8-2018 11:33
17559;28-8-2018 17:08
17584;30-8-2018 12:23
17604;31-8-2018 12:17
17610;31-8-2018 16:12
17611;31-8-2018 16:39
17617;3-9-2018 12:12
17632;4-9-2018 11:59
17640;6-9-2018 09:32
17659;5-9-2018 18:13
17672;7-9-2018 12:14
17674;7-9-2018 14:35
17675;7-9-2018 14:36
17696;10-9-2018 15:13
17698;12-9-2018 16:56
17699;11-9-2018 14:12
17712;13-9-2018 13:15
17718;13-9-2018 11:59
17737;14-9-2018 15:06
17739;14-9-2018 14:19
17744;14-9-2018 14:52
17746;14-9-2018 15:16
17757;17-9-2018 11:10
17765;23-9-2018 12:06
17767;18-9-2018 11:21
17789;20-9-2018 15:05
17791;20-9-2018 11:21
17805;20-9-2018 18:14
17816;21-9-2018 12:35
17817;21-9-2018 14:28
17825;21-9-2018 14:25
17836;24-9-2018 11:36
17858;25-9-2018 12:31
17881;27-9-2018 11:49
17886;28-9-2018 10:53
17897;28-9-2018 14:13
17898;28-9-2018 15:01
17910;1-10-2018 10:27
17911;NULL
17915;1-10-2018 12:25
17916;1-10-2018 14:40
17925;2-10-2018 11:29
17937;12-10-2018 14:37
17959;4-10-2018 11:47
17983;5-10-2018 13:21
17990;5-10-2018 15:01
17991;5-10-2018 15:53
18002;8-10-2018 11:59
18013;11-10-2018 09:01
18020;9-10-2018 10:57
18049;11-10-2018 11:58
18067;12-10-2018 13:54
18068;12-10-2018 15:32
18069;12-10-2018 15:45
18082;15-10-2018 11:31
18100;16-10-2018 11:34
18122;18-10-2018 10:51
18144;18-10-2018 11:54
18164;19-10-2018 14:26
18165;19-10-2018 14:40
18166;19-10-2018 14:59
18177;22-10-2018 11:09
18202;23-10-2018 11:29
18224;25-10-2018 10:30
18242;26-10-2018 10:46
18245;26-10-2018 12:24
18250;26-10-2018 14:13
18311;1-11-2018 10:07
18320;1-11-2018 17:30
18328;2-11-2018 11:32
18337;2-11-2018 14:10
18350;5-11-2018 10:35
18364;6-11-2018 11:13
18387;7-11-2018 10:34
18397;8-11-2018 09:47
18405;8-11-2018 11:43
18417;9-11-2018 16:17
18426;9-11-2018 11:18
18434;9-11-2018 13:32
18436;9-11-2018 14:14
18446;12-11-2018 11:19
18471;13-11-2018 11:34
18488;14-11-2018 11:21
18500;15-11-2018 11:52
18504;15-11-2018 09:14
18507;15-11-2018 15:22
18518;16-11-2018 11:23
18520;16-11-2018 14:01
18521;16-11-2018 14:01
18539;19-11-2018 12:23
18551;20-11-2018 11:25
18568;21-11-2018 12:36
18569;25-11-2018 12:01
18570;21-11-2018 11:48
18595;22-11-2018 13:33
18615;23-11-2018 15:20
18619;23-11-2018 13:59
18620;23-11-2018 13:43
18630;26-11-2018 11:17
18642;27-11-2018 11:39
18663;28-11-2018 11:42
18692;29-11-2018 13:20
18706;30-11-2018 14:34
18708;30-11-2018 14:58
18710;30-11-2018 15:57
18716;3-12-2018 11:29
18729;4-12-2018 11:44
18733;5-12-2018 16:19
18736;6-12-2018 15:21
18739;5-12-2018 11:46
18748;6-12-2018 10:26
18757;6-12-2018 15:43
18760;6-12-2018 16:48
18761;6-12-2018 17:07
18794;10-12-2018 11:03
18798;10-12-2018 14:35
18830;12-12-2018 11:36
18834;13-12-2018 14:17
18860;13-12-2018 10:22
18875;13-12-2018 17:04
18886;14-12-2018 12:27
18887;14-12-2018 12:28
18891;14-12-2018 17:20
18892;15-12-2018 13:53
18904;17-12-2018 13:15
18910;18-12-2018 11:12
18935;19-12-2018 10:43
18936;19-12-2018 15:54
18953;20-12-2018 15:24
18989;21-12-2018 12:38
18990;21-12-2018 13:04
18991;21-12-2018 13:48
18994;21-12-2018 12:27
19001;21-12-2018 11:06
19004;21-12-2018 12:26
19053;24-12-2018 11:52
19054;24-12-2018 12:21
19057;27-12-2018 11:07
19067;28-12-2018 12:17
19068;27-12-2018 16:37
19072;28-12-2018 12:20
19073;28-12-2018 12:20
19077;28-12-2018 12:14
19096;31-12-2018 12:55
19097;31-12-2018 13:08
19099;2-1-2019 11:31
19111;3-1-2019 13:52
19114;3-1-2019 10:42
19137;4-1-2019 13:16
19142;4-1-2019 14:32
19143;4-1-2019 14:30
19171;7-1-2019 13:14
19176;7-1-2019 17:40
19182;8-1-2019 11:46
19195;9-1-2019 13:45
19196;9-1-2019 14:32
19212;10-1-2019 16:28
19237;11-1-2019 11:59
19243;11-1-2019 14:03
19245;11-1-2019 14:29
19246;11-1-2019 15:46
19263;14-1-2019 11:24
19268;15-1-2019 12:34
19275;16-1-2019 11:23
19280;16-1-2019 11:29
19300;16-1-2019 17:11
19306;17-1-2019 13:47
19307;17-1-2019 14:58
19313;18-1-2019 10:42
19344;21-1-2019 10:43
19347;21-1-2019 13:02
19369;23-1-2019 11:13
19370;24-1-2019 13:56
19382;23-1-2019 16:09
19406;25-1-2019 10:45
19420;25-1-2019 14:43
19424;25-1-2019 14:01
19435;30-1-2019 16:07
19444;13-2-2019 12:13
19445;29-1-2019 14:38
19451;29-1-2019 16:34
19462;30-1-2019 10:50
19482;31-1-2019 16:04
19485;31-1-2019 11:33
19498;1-2-2019 11:20
19499;1-2-2019 12:03
19500;1-2-2019 12:24
19515;4-2-2019 12:11
19531;5-2-2019 13:38
19537;7-2-2019 11:17
19549;6-2-2019 13:26
19565;7-2-2019 10:46
19584;8-2-2019 12:52
19585;8-2-2019 14:21
19586;8-2-2019 14:22
19598;11-2-2019 14:24
19608;12-2-2019 10:36
19624;13-2-2019 09:58
19639;13-2-2019 14:21
19643;14-2-2019 11:23
19649;14-2-2019 10:36
19657;15-2-2019 12:28
19662;15-2-2019 16:46
19676;15-2-2019 16:40
19678;15-2-2019 16:56
19679;18-2-2019 10:22
19692;19-2-2019 11:29
19710;20-2-2019 10:15
19725;20-2-2019 14:03
19728;21-2-2019 11:21
19739;21-2-2019 14:09
19750;22-2-2019 10:21
19757;22-2-2019 12:12
19758;22-2-2019 12:13
19774;25-2-2019 12:01
19778;26-2-2019 10:21
19795;27-2-2019 11:11
19804;27-2-2019 13:50
19820;28-2-2019 12:12
19824;28-2-2019 17:20
19828;1-3-2019 09:43
19829;1-3-2019 09:58
19845;4-3-2019 11:51
19854;5-3-2019 10:56
19877;6-3-2019 10:17
19901;7-3-2019 10:11
19914;8-3-2019 10:09
19917;8-3-2019 10:00
19923;8-3-2019 11:21
19929;8-3-2019 16:12
19941;11-3-2019 11:50
19947;12-3-2019 10:26
19956;13-3-2019 09:27
19962;14-3-2019 09:26
19967;13-3-2019 14:44
19989;15-3-2019 11:11
19990;15-3-2019 11:44
19991;15-3-2019 11:56
20007;18-3-2019 15:22
20012;19-3-2019 10:21
20022;20-3-2019 09:51
20023;20-3-2019 15:24
20039;21-3-2019 09:41
20053;21-3-2019 17:36
20062;22-3-2019 12:23
20064;22-3-2019 13:47
20067;22-3-2019 15:18
20072;25-3-2019 12:46
20079;26-3-2019 09:46
20091;27-3-2019 11:12
20093;28-3-2019 13:09
20095;28-3-2019 09:41
20104;29-3-2019 11:17
20106;28-3-2019 15:07
20110;28-3-2019 18:09
20117;29-3-2019 11:08
20118;29-3-2019 11:17
20132;1-4-2019 12:14
20135;2-4-2019 10:15
20145;3-4-2019 09:26
20166;4-4-2019 10:12
20180;5-4-2019 10:24
20181;5-4-2019 10:28
20183;5-4-2019 12:13
20189;5-4-2019 13:11
20191;NULL
20195;8-4-2019 12:26
20200;9-4-2019 10:07
20208;10-4-2019 09:20
20210;10-4-2019 13:46
20227;11-4-2019 09:06
20240;12-4-2019 09:35
20241;12-4-2019 09:35
20242;12-4-2019 09:36
20244;NULL
20245;11-4-2019 18:24
20249;NULL
20258;12-4-2019 16:44
20265;15-4-2019 14:44
20269;16-4-2019 10:17
20271;NULL
20274;17-4-2019 09:30
20278;18-4-2019 12:32
20281;17-4-2019 16:10
20296;19-4-2019 15:44
20297;19-4-2019 15:42
20302;19-4-2019 15:42
20303;19-4-2019 15:57
20304;19-4-2019 16:01
20316;23-4-2019 12:33
20322;25-4-2019 10:22
20324;24-4-2019 10:53
20331;24-4-2019 15:33
20338;25-4-2019 09:15
20351;26-4-2019 10:15
20352;26-4-2019 10:16
20353;26-4-2019 10:17
20370;29-4-2019 11:44
20379;30-4-2019 10:38
20389;1-5-2019 09:29
20390;2-5-2019 10:25
20391;2-5-2019 09:45
20411;3-5-2019 12:16
20414;3-5-2019 12:51
20415;3-5-2019 13:50
20423;6-5-2019 12:38
20426;7-5-2019 09:42
20439;8-5-2019 11:13
20440;8-5-2019 11:28
20441;9-5-2019 14:32
20443;9-5-2019 10:12
20453;10-5-2019 09:40
20454;10-5-2019 12:55
20455;10-5-2019 12:56
20470;13-5-2019 11:59
20479;14-5-2019 10:43
20492;15-5-2019 09:59
20501;16-5-2019 10:57
20505;16-5-2019 10:19
20514;17-5-2019 11:39
20515;17-5-2019 12:07
20516;17-5-2019 12:14
20530;20-5-2019 09:54
20538;21-5-2019 10:30
20549;22-5-2019 11:19
20552;23-5-2019 10:22
20556;23-5-2019 10:19
20568;23-5-2019 17:41
20572;24-5-2019 14:02
20577;24-5-2019 13:52
20578;24-5-2019 13:52
20579;24-5-2019 13:53
20593;27-5-2019 11:39
20598;28-5-2019 09:41
20605;29-5-2019 09:17
20613;29-5-2019 15:26
20619;29-5-2019 11:29
20623;31-5-2019 10:03
20624;31-5-2019 10:03
20625;31-5-2019 10:04
20640;3-6-2019 12:06
20645;4-6-2019 10:24
20655;5-6-2019 10:27
20658;6-6-2019 11:43
20661;6-6-2019 10:06
20675;7-6-2019 10:46
20676;7-6-2019 10:47
20677;7-6-2019 10:47
20690;7-6-2019 15:17
20698;11-6-2019 12:11
20707;12-6-2019 10:39
20712;12-6-2019 14:51
20715;13-6-2019 09:26
20731;14-6-2019 11:37
20732;14-6-2019 11:38
20733;14-6-2019 11:37
20742;17-6-2019 15:46
20747;18-6-2019 10:39
20753;19-6-2019 09:28
20756;19-6-2019 16:27
20768;20-6-2019 09:50
20785;21-6-2019 12:04
20786;21-6-2019 12:04
20787;21-6-2019 11:25
20808;24-6-2019 14:06
20817;25-6-2019 15:04
20822;27-6-2019 09:42
20825;26-6-2019 10:48
20833;27-6-2019 10:43
20837;27-6-2019 15:35
20839;27-6-2019 17:17
20842;27-6-2019 17:18
20862;1-7-2019 13:49
20870;4-7-2019 15:42
20874;2-7-2019 16:57
20875;2-7-2019 17:48
20892;4-7-2019 15:20
20894;5-7-2019 09:06
20905;5-7-2019 12:32
20906;5-7-2019 12:32
20915;8-7-2019 15:30
20921;9-7-2019 15:06
20922;11-7-2019 13:16
20923;10-7-2019 09:32
20931;11-7-2019 10:06
20942;11-7-2019 16:45
20958;12-7-2019 13:39
20960;12-7-2019 14:09
20968;15-7-2019 11:42
20970;16-7-2019 09:30
20982;17-7-2019 12:13
20987;17-7-2019 17:26
20995;18-7-2019 14:49
21005;18-7-2019 18:12
21007;19-7-2019 10:11
21008;19-7-2019 10:06
21020;22-7-2019 17:08
21029;23-7-2019 14:03
21033;24-7-2019 16:35
21039;24-7-2019 11:23
21054;25-7-2019 10:58
21065;26-7-2019 13:54
21069;26-7-2019 14:50
21070;26-7-2019 15:16
21085;29-7-2019 17:45
21089;30-7-2019 10:33
21097;31-7-2019 10:47
21102;2-8-2019 17:11
21105;1-8-2019 15:26
21107;1-8-2019 11:01
21113;2-8-2019 10:43
21114;2-8-2019 14:00
21115;2-8-2019 14:01
21127;5-8-2019 13:58
21133;6-8-2019 13:37
21146;7-8-2019 15:44
21151;8-8-2019 10:57
21153;8-8-2019 14:42
21170;9-8-2019 12:29
21172;9-8-2019 12:40
21174;9-8-2019 12:50
21196;13-8-2019 09:24
21198;13-8-2019 09:45
21205;15-8-2019 17:22
21212;14-8-2019 11:00
21227;14-8-2019 18:16
21236;16-8-2019 10:52
21241;16-8-2019 14:41
21243;16-8-2019 14:59
21249;19-8-2019 14:01
21250;20-8-2019 10:32
21263;21-8-2019 09:30
21279;21-8-2019 16:44
21314;23-8-2019 11:09
21323;23-8-2019 14:03
21324;23-8-2019 14:03
21326;28-8-2019 16:27
21329;28-8-2019 16:38
21338;26-8-2019 12:21
21351;27-8-2019 10:04
21372;28-8-2019 11:39
21382;29-8-2019 13:17
21388;30-8-2019 11:55
21394;NULL
21396;30-8-2019 16:24
21405;2-9-2019 15:21
21410;2-9-2019 17:08
21422;3-9-2019 13:29
21432;4-9-2019 14:37
21443;5-9-2019 14:27
21444;5-9-2019 15:14
21452;6-9-2019 12:01
21455;6-9-2019 14:44
21456;6-9-2019 15:08
21472;9-9-2019 13:53
21482;10-9-2019 15:16
21493;11-9-2019 11:49
21498;12-9-2019 15:20
21505;12-9-2019 11:03
21527;13-9-2019 14:47
21528;13-9-2019 14:56
21529;13-9-2019 15:16
21539;16-9-2019 13:54
21543;17-9-2019 09:53
21561;18-9-2019 11:55
21562;20-9-2019 16:48
21563;19-9-2019 15:29
21566;19-9-2019 12:17
21576;20-9-2019 11:44
21582;20-9-2019 16:08
21583;20-9-2019 16:16
21588;23-9-2019 10:29
21613;24-9-2019 11:56
21622;25-9-2019 11:44
21623;25-9-2019 10:15
21639;26-9-2019 11:44
21656;27-9-2019 10:21
21657;27-9-2019 10:29
21660;27-9-2019 13:49
21677;30-9-2019 10:51
21690;1-10-2019 14:37
21695;2-10-2019 09:56
21717;3-10-2019 11:46
21719;3-10-2019 16:23
21728;4-10-2019 11:34
21734;4-10-2019 15:07
21735;4-10-2019 15:13
21741;7-10-2019 13:16
21746;8-10-2019 09:12
21767;9-10-2019 11:34
21771;10-10-2019 15:42
21787;10-10-2019 12:25
21797;11-10-2019 11:22
21798;11-10-2019 11:20
21802;11-10-2019 14:39
21813;14-10-2019 13:47
21829;15-10-2019 14:41
21840;16-10-2019 10:04
21859;17-10-2019 11:26
21883;18-10-2019 12:05
21887;18-10-2019 15:43
21888;18-10-2019 16:01
21898;21-10-2019 12:14
21908;22-10-2019 11:11
21922;23-10-2019 11:27
21932;24-10-2019 15:21
21942;24-10-2019 12:10
21961;25-10-2019 15:18
21962;25-10-2019 13:23
21964;25-10-2019 14:32
21968;25-10-2019 15:35
21975;28-10-2019 10:51
22002;29-10-2019 14:30
22010;30-10-2019 09:51
22025;31-10-2019 13:28
22027;31-10-2019 15:13
22036;1-11-2019 13:43
22039;1-11-2019 15:22
22040;1-11-2019 15:43
22045;4-11-2019 11:21
22051;4-11-2019 14:20
22074;7-11-2019 13:55
22076;6-11-2019 13:28
22080;7-11-2019 10:34
22103;8-11-2019 10:24
22106;8-11-2019 11:52
22108;8-11-2019 13:48
22128;11-11-2019 14:43
22134;12-11-2019 09:34
22138;14-11-2019 15:15
22157;13-11-2019 09:45
22193;14-11-2019 09:39
22211;15-11-2019 10:39
22216;15-11-2019 13:51
22220;15-11-2019 14:03
22224;18-11-2019 09:54
22241;19-11-2019 09:49
22259;20-11-2019 10:23
22277;21-11-2019 13:14
22294;22-11-2019 10:31
22295;22-11-2019 10:48
22301;22-11-2019 16:28
22315;25-11-2019 15:30
22322;26-11-2019 11:47
22333;26-11-2019 15:16
22336;28-11-2019 13:18
22372;27-11-2019 14:45
22380;29-11-2019 14:18
22385;28-11-2019 12:17
22402;29-11-2019 14:58
22408;29-11-2019 15:09
22409;2-12-2019 11:53
22423;3-12-2019 10:28
22457;4-12-2019 11:42
22473;5-12-2019 10:17
22475;5-12-2019 14:59
22486;6-12-2019 13:44
22488;6-12-2019 09:45
22494;6-12-2019 12:30
22500;7-12-2019 08:03
22503;6-12-2019 15:18
22510;9-12-2019 11:22
22523;10-12-2019 14:34
22527;12-12-2019 17:32
22535;11-12-2019 14:49
22544;12-12-2019 13:30
22556;13-12-2019 10:17
22558;13-12-2019 10:30
22560;13-12-2019 12:14
22570;16-12-2019 12:57
22589;23-1-2020 14:59
22590;17-12-2019 14:46
22620;18-12-2019 14:23
22627;18-12-2019 17:21
22641;19-12-2019 11:34
22660;20-12-2019 11:37
22668;20-12-2019 15:40
22670;20-12-2019 15:53
22691;23-12-2019 13:47
22699;24-12-2019 09:08
22701;24-12-2019 11:36
22704;24-12-2019 11:09
22706;27-12-2019 12:33
22710;24-12-2019 13:38
22714;27-12-2019 11:33
22735;27-12-2019 12:02
22736;27-12-2019 12:12
22747;30-12-2019 11:39
22756;31-12-2019 10:07
22757;31-12-2019 10:54
22772;2-1-2020 15:30
22775;2-1-2020 10:21
22799;3-1-2020 13:25
22801;3-1-2020 13:43
22802;3-1-2020 13:50
22804;3-1-2020 16:19
22809;6-1-2020 11:17
22839;7-1-2020 14:02
22845;8-1-2020 12:09
22869;9-1-2020 10:50
22872;9-1-2020 15:12
22885;10-1-2020 12:46
22898;10-1-2020 11:57
22901;10-1-2020 14:25
22904;10-1-2020 15:10
22920;13-1-2020 10:48
22937;14-1-2020 13:54
22946;15-1-2020 10:28
22961;15-1-2020 13:22
22983;16-1-2020 12:18
22987;16-1-2020 14:01
22996;16-1-2020 16:45
22997;16-1-2020 16:46
23030;20-1-2020 13:40
23040;21-1-2020 12:32
23060;22-1-2020 11:17
23087;24-1-2020 15:54
23103;23-1-2020 12:40
23126;24-1-2020 12:44
23130;24-1-2020 14:46
23132;24-1-2020 14:54
23141;27-1-2020 11:19
23157;31-1-2020 16:17
23168;28-1-2020 12:22
23187;29-1-2020 10:12
23191;29-1-2020 12:10
23215;30-1-2020 13:59
23226;31-1-2020 11:33
23233;31-1-2020 14:53
23234;31-1-2020 14:59
